14400000,1664300,1665000,1664300,1665000,3650
14460000,1665100,1665400,1665100,1665400,544
14520000,1665100,1665200,1665100,1665200,1200
14580000,1664900,1664900,1664900,1664900,300
14640000,1664800,1664800,1664800,1664800,240
14700000,1664800,1664800,1664800,1664800,100
14760000,1664800,1664800,1664600,1664600,800
14820000,1664700,1664900,1664600,1664900,11228
14880000,1664600,1665700,1664600,1665700,2200
14940000,1665900,1667300,1665900,1667300,12640
15000000,1667100,1667100,1666900,1667100,11300
15060000,1667200,1667200,1667200,1667200,300
15120000,1667300,1668000,1667300,1667700,1800
15180000,1667300,1667300,1666900,1666900,700
15240000,1667000,1667000,1667000,1667000,200
15360000,1666700,1666700,1666700,1666700,9970
15420000,1666700,1666700,1666700,1666700,100
15480000,1666700,1666700,1666700,1666700,10100
15600000,1666700,1666700,1666700,1666700,300
15720000,1666500,1666500,1666400,1666400,300
15780000,1666500,1666500,1666500,1666500,100
15840000,1666600,1666600,1666600,1666600,300
16260000,1666500,1666500,1666500,1666500,200
16560000,1667100,1667100,1666900,1666900,398
16620000,1667000,1667000,1667000,1667000,1200
16680000,1667100,1667100,1666500,1666500,1579
16740000,1666600,1666600,1666600,1666600,1800
16860000,1666400,1666500,1666400,1666500,200
16920000,1666900,1666900,1666500,1666500,1619
17100000,1666300,1666300,1666200,1666200,1000
17160000,1666400,1666400,1666400,1666400,169
17220000,1666400,1666400,1666400,1666400,243
17460000,1666600,1666600,1666400,1666500,303
17580000,1666500,1666500,1666500,1666500,500
17820000,1666700,1667100,1666700,1666700,2800
17880000,1666500,1666500,1666500,1666500,100
17940000,1666600,1666600,1666600,1666600,300
18300000,1666500,1666500,1666500,1666500,100
18420000,1666600,1666600,1666600,1666600,170
18540000,1666700,1666700,1666700,1666700,200
18600000,1666700,1666800,1666700,1666800,200
18780000,1666700,1666700,1666700,1666700,500
18840000,1666800,1667100,1666800,1667100,2400
18900000,1667100,1667300,1667100,1667300,400
18960000,1667100,1667700,1667100,1667700,740
19020000,1667900,1667900,1667900,1667900,100
19140000,1667500,1667500,1667500,1667500,800
19200000,1667500,1667500,1667300,1667300,200
19320000,1667300,1667300,1667300,1667300,200
19380000,1667100,1667400,1667100,1667400,1300
19440000,1667100,1667400,1667100,1667400,6000
19560000,1667100,1667100,1666900,1666900,400
19680000,1667000,1667000,1667000,1667000,1000
19800000,1667100,1667100,1667100,1667100,1200
19980000,1667000,1667100,1667000,1667100,3233
20100000,1667100,1667100,1666700,1667000,7400
20160000,1667100,1667100,1667100,1667100,100
20280000,1667300,1667400,1667100,1667100,1200
20340000,1666900,1667300,1666700,1667300,1400
20400000,1667300,1667700,1667300,1667700,1500
20460000,1667900,1668600,1667900,1668400,1890
20580000,1668300,1668600,1668200,1668300,3175
20640000,1668200,1668200,1668200,1668200,200
20700000,1668100,1668100,1667700,1667700,15400
20760000,1667700,1667900,1667700,1667900,400
20880000,1667500,1667500,1667500,1667500,100
20940000,1667300,1667300,1667300,1667300,200
21060000,1667500,1667500,1667500,1667500,500
21180000,1667600,1667600,1667600,1667600,218
21240000,1667700,1667700,1667700,1667700,170
21300000,1667800,1667900,1667800,1667900,900
21360000,1667800,1667800,1667700,1667700,300
21480000,1668100,1668100,1668100,1668100,187
21540000,1667900,1667900,1667900,1667900,100
21780000,1667700,1668100,1667700,1668100,1199
21840000,1667900,1667900,1667900,1667900,100
21900000,1668100,1668100,1668100,1668100,200
21960000,1668000,1668000,1668000,1668000,100
22020000,1667900,1667900,1667900,1667900,100
22080000,1668100,1668100,1668100,1668100,170
22200000,1668000,1668300,1668000,1668300,200
22260000,1668300,1668600,1668100,1668600,411
22380000,1668200,1668200,1668200,1668200,1000
22440000,1668300,1669500,1668300,1669300,2900
22500000,1669500,1669500,1669500,1669500,700
22560000,1669100,1669100,1669100,1669100,100
22620000,1669100,1669100,1669100,1669100,300
22680000,1668900,1668900,1668900,1668900,200
22740000,1669100,1669100,1669100,1669100,107
22800000,1668700,1668700,1668700,1668700,200
22860000,1668700,1668700,1668700,1668700,200
22920000,1668600,1668600,1668500,1668600,50834
22980000,1668500,1668600,1668500,1668600,24500
23040000,1668400,1668400,1668300,1668400,20000
23100000,1668100,1668100,1667900,1667900,700
23160000,1668000,1668100,1668000,1668100,1100
23220000,1668300,1668300,1668300,1668300,100
23280000,1668500,1668500,1668500,1668500,300
23400000,1668500,1668900,1668500,1668900,10300
23460000,1668900,1668900,1668900,1668900,6525
23520000,1668700,1668700,1668700,1668700,14635
23580000,1669100,1669400,1669100,1669400,5100
23640000,1669100,1669300,1669100,1669300,200
23700000,1669300,1669700,1669300,1669700,2100
23820000,1669600,1669600,1669600,1669600,100
23880000,1669500,1669800,1669500,1669800,3800
23940000,1669800,1670500,1669800,1670500,9086
24000000,1670700,1670800,1670500,1670600,800
24060000,1670400,1670500,1670400,1670500,700
24120000,1670400,1670400,1670000,1670200,34500
24300000,1670300,1670500,1670300,1670300,500
24480000,1670300,1670500,1670300,1670500,300
24540000,1670300,1670400,1670100,1670100,19050
24660000,1669800,1669800,1669800,1669800,800
24720000,1669800,1669800,1669600,1669600,500
24780000,1669600,1669600,1669600,1669600,100
24840000,1669900,1670000,1669700,1670000,12500
24900000,1670100,1670100,1670100,1670100,200
25080000,1670200,1670200,1670100,1670100,2200
25140000,1670000,1670200,1670000,1670000,4800
25200000,1670000,1670900,1670000,1670700,48990
25260000,1670500,1670700,1670500,1670700,12300
25320000,1670700,1670700,1670500,1670500,5800
25380000,1670500,1671100,1670500,1671100,11611
25440000,1670700,1670700,1670200,1670500,6200
25500000,1670500,1670900,1670300,1670800,20600
25560000,1670700,1671200,1670700,1671000,13400
25620000,1671000,1671100,1670500,1670500,14195
25680000,1670500,1670600,1670500,1670600,3700
25740000,1670500,1670600,1670300,1670600,39325
25800000,1670300,1670500,1670000,1670000,12900
25860000,1670300,1670400,1670100,1670100,4800
25920000,1669900,1670100,1669700,1669800,842
25980000,1669700,1669900,1669500,1669500,99900
26040000,1669600,1669700,1669500,1669700,42050
26100000,1669500,1669500,1669000,1669100,2700
26160000,1669200,1669300,1669200,1669300,300
26220000,1669400,1669600,1669200,1669200,2608
26280000,1669100,1669300,1669100,1669300,7300
26340000,1669400,1669400,1669400,1669400,1300
26400000,1669400,1669900,1669300,1669300,54190
26460000,1669800,1670000,1669800,1669800,3700
26520000,1669900,1669900,1669900,1669900,200
26580000,1669800,1670300,1669800,1670300,2500
26640000,1670300,1670600,1670300,1670600,5900
26700000,1670500,1671100,1670400,1670400,6200
26760000,1670500,1670500,1670500,1670500,100
26820000,1670400,1670400,1670100,1670100,1919
26880000,1670300,1670300,1670100,1670100,11250
26940000,1670200,1670400,1670200,1670400,7195
27000000,1670400,1670600,1670100,1670100,3868
27060000,1669900,1670000,1669800,1669800,3800
27120000,1669900,1669900,1669600,1669800,6400
27180000,1669800,1669900,1669800,1669900,1800
27240000,1669700,1669700,1669600,1669600,10000
27300000,1669800,1669800,1669500,1669800,3344
27360000,1669600,1669600,1669600,1669600,500
27420000,1669600,1669600,1669300,1669300,28500
27480000,1669600,1669700,1669500,1669600,26808
27540000,1669500,1669600,1669500,1669600,1600
27600000,1669700,1669700,1669300,1669600,5008
27660000,1669500,1669500,1669100,1669100,6700
27720000,1669100,1669100,1668500,1668500,9200
27780000,1668600,1668900,1668600,1668800,15550
27840000,1668800,1668900,1668800,1668800,1400
27900000,1668800,1668800,1668500,1668500,4000
27960000,1668500,1668600,1668500,1668600,7544
28020000,1668500,1668600,1668500,1668500,58900
28080000,1668500,1669100,1668500,1668800,13388
28140000,1668900,1668900,1668800,1668800,8500
28200000,1668900,1669000,1668900,1669000,2400
28260000,1669000,1669000,1669000,1669000,1400
28380000,1668600,1668600,1668500,1668500,1700
28440000,1668400,1668900,1668300,1668600,12645
28500000,1668600,1668600,1668600,1668600,3000
28560000,1668500,1668500,1668500,1668500,5500
28620000,1668400,1668400,1668400,1668400,100
28680000,1668400,1668400,1668400,1668400,700
28740000,1668400,1668400,1668400,1668400,200
28800000,1668400,1668700,1668300,1668600,65213
28860000,1668500,1669000,1668500,1669000,5270
28920000,1668800,1669300,1668800,1669200,68479
28980000,1669100,1669100,1668800,1669100,5500
29040000,1669200,1669200,1669000,1669100,3900
29100000,1669200,1669400,1669000,1669000,107110
29160000,1669100,1669300,1669000,1669100,30830
29220000,1669200,1669500,1669000,1669300,18945
29280000,1669100,1669600,1669000,1669500,59950
29340000,1669500,1669700,1669300,1669500,22792
29400000,1669700,1669800,1669500,1669800,13021
29460000,1669600,1669600,1669500,1669600,12600
29520000,1669500,1669500,1669500,1669500,3553
29580000,1669600,1669800,1669400,1669400,8300
29640000,1669500,1669700,1669500,1669700,15700
29700000,1669500,1669800,1669400,1669800,28977
29760000,1669700,1669700,1669100,1669100,4675
29820000,1669100,1669200,1668000,1668100,31368
29880000,1668200,1668300,1667900,1667900,12550
29940000,1668100,1668100,1667800,1667900,3700
30000000,1668100,1668400,1668000,1668400,15300
30060000,1668200,1668300,1667800,1667900,202036
30120000,1667800,1667800,1667500,1667600,20613
30180000,1667500,1667800,1667500,1667700,16565
30240000,1667600,1667900,1667500,1667900,15400
30300000,1667900,1667900,1667700,1667900,1600
30360000,1667900,1667900,1667500,1667600,5000
30420000,1667600,1667700,1667500,1667500,18190
30480000,1667500,1667500,1667000,1667300,12319
30540000,1667200,1667900,1667000,1667300,35515
30600000,1667100,1667400,1666600,1667100,219335
30660000,1667100,1667500,1667100,1667300,16450
30720000,1667500,1667600,1667300,1667300,71350
30780000,1667400,1667400,1666700,1666700,116278
30840000,1666500,1666700,1666400,1666600,50614
30900000,1666600,1667800,1666600,1667800,36831
30960000,1667700,1667700,1667100,1667100,2200
31020000,1667200,1667800,1667200,1667700,4369
31080000,1667700,1668300,1667700,1668100,55325
31140000,1668300,1668400,1668100,1668300,44875
31200000,1668200,1668300,1667900,1667900,9075
31260000,1668100,1668100,1667500,1667600,24324
31320000,1667600,1667600,1667000,1667100,142974
31380000,1667000,1667300,1667000,1667300,26020
31440000,1667300,1667800,1667300,1667800,8134
31500000,1667700,1667900,1667700,1667900,103002
31560000,1667900,1668100,1667700,1668100,451441
31620000,1667900,1668000,1667700,1667700,4000
31680000,1667700,1667700,1667600,1667700,155050
31740000,1667700,1667800,1667600,1667800,4634
31800000,1667600,1667600,1667400,1667400,104800
31860000,1667500,1668100,1667400,1668100,18450
31920000,1668100,1668300,1667500,1667500,17193
31980000,1667500,1670300,1667500,1669300,125588
32040000,1669400,1669600,1668200,1668800,104303
32100000,1668600,1668600,1667800,1668500,143520
32160000,1668600,1669200,1668600,1669100,34150
32220000,1669000,1669600,1668400,1669400,55541
32280000,1669300,1669500,1669300,1669400,33600
32340000,1669500,1670800,1669500,1670700,29172
32400000,1670700,1672500,1670700,1671900,170844
32460000,1671900,1673100,1671800,1673100,101272
32520000,1673100,1673200,1672500,1672900,281240
32580000,1672800,1673300,1672700,1672700,105961
32640000,1672600,1672800,1672300,1672300,75364
32700000,1672300,1672500,1672100,1672200,22100
32760000,1672300,1672600,1672000,1672600,55790
32820000,1672500,1672500,1672300,1672300,6837
32880000,1672200,1672500,1672200,1672400,74750
32940000,1672600,1672600,1672300,1672300,130598
33000000,1672300,1672300,1671900,1672000,88401
33060000,1672000,1672100,1671700,1671900,137400
33120000,1671800,1672100,1671700,1671900,47100
33180000,1672100,1672100,1671500,1671600,35899
33240000,1671600,1672100,1671600,1671900,62950
33300000,1671900,1671900,1671800,1671800,168077
33360000,1671800,1672200,1671800,1672000,77880
33420000,1672000,1672300,1671900,1672300,16250
33480000,1672200,1672300,1671800,1672100,48701
33540000,1672000,1672400,1671900,1672400,11310
33600000,1672400,1672700,1672100,1672500,48917
33660000,1672500,1672500,1672100,1672200,11400
33720000,1671900,1672100,1671800,1671800,29416
33780000,1671900,1672400,1671900,1672300,12546
33840000,1672400,1672500,1671200,1671700,35976
33900000,1671700,1672100,1671500,1671900,65537
33960000,1671900,1672100,1671600,1671700,44121
34020000,1671700,1672400,1671500,1672300,44731
34080000,1672300,1672600,1672100,1672500,129613
34140000,1672600,1672900,1672400,1672800,162752
34200000,1672800,1673500,1672300,1673000,1448126
34260000,1673000,1673800,1673000,1673600,747287
34320000,1673700,1674100,1673500,1674000,710616
34380000,1673900,1674500,1673900,1674400,653958
34440000,1674500,1674800,1674400,1674700,726051
34500000,1674800,1675400,1674400,1674800,1084793
34560000,1674800,1674900,1674100,1674900,796709
34620000,1674900,1675500,1674700,1675400,510771
34680000,1675400,1675900,1675300,1675500,721106
34740000,1675500,1675800,1675100,1675400,797848
34800000,1675400,1676600,1674900,1676600,1765285
34860000,1676600,1677400,1676400,1677200,1357371
34920000,1677200,1677600,1676600,1677000,741598
34980000,1676900,1677200,1676600,1676900,527060
35040000,1676900,1677300,1676600,1676800,593566
35100000,1676800,1677400,1676400,1676400,529105
35160000,1676400,1677100,1676300,1676900,519937
35220000,1676900,1677000,1676300,1676500,425235
35280000,1676400,1676500,1676000,1676100,618332
35340000,1676100,1676400,1675700,1676300,685502
35400000,1676400,1676500,1675600,1675800,482328
35460000,1675800,1676200,1675800,1676200,265722
35520000,1676200,1677100,1676200,1677100,662435
35580000,1677100,1678700,1677000,1678000,1490311
35640000,1677900,1677900,1677100,1677200,909671
35700000,1677200,1678100,1677200,1678000,569220
35760000,1678000,1678500,1677800,1678400,735614
35820000,1678500,1679000,1677600,1677700,600164
35880000,1677700,1678000,1677400,1678000,438856
35940000,1678000,1678300,1677800,1678200,466023
36000000,1678200,1678300,1677300,1677600,673220
36060000,1677500,1677800,1677300,1677700,717593
36120000,1677700,1677700,1677100,1677400,851155
36180000,1677300,1678400,1677200,1678400,431486
36240000,1678400,1679700,1678300,1679300,752275
36300000,1679400,1679400,1678500,1678500,408574
36360000,1678600,1678600,1677800,1678200,380517
36420000,1678200,1678400,1677900,1678100,193484
36480000,1678000,1678500,1677900,1678000,217601
36540000,1678000,1678000,1677500,1677800,334030
36600000,1677800,1678200,1677200,1677700,301724
36660000,1677700,1677800,1676800,1676800,779946
36720000,1676800,1677400,1676300,1676600,481358
36780000,1676600,1677400,1676600,1677000,258109
36840000,1677000,1677300,1676800,1677100,248054
36900000,1677200,1677400,1676200,1676600,382529
36960000,1676600,1677200,1676500,1677100,195450
37020000,1677100,1677300,1676700,1676900,353204
37080000,1676900,1677300,1676700,1677200,665366
37140000,1677200,1677300,1677000,1677300,214279
37200000,1677300,1677600,1677000,1677000,254613
37260000,1677000,1677300,1676900,1677000,349516
37320000,1677000,1677700,1677000,1677700,194824
37380000,1677700,1678100,1677500,1677700,196541
37440000,1677700,1678200,1677500,1677800,210074
37500000,1677900,1678000,1677200,1677500,209113
37560000,1677600,1677800,1677300,1677600,203819
37620000,1677700,1678400,1677700,1678000,205462
37680000,1678000,1678700,1678000,1678400,369062
37740000,1678400,1678600,1678100,1678500,305703
37800000,1678500,1678800,1677900,1678200,256095
37860000,1678100,1678300,1677900,1678200,689463
37920000,1678200,1678400,1677800,1678100,240899
37980000,1678200,1678200,1677700,1677700,181735
38040000,1677700,1678600,1677600,1678100,203321
38100000,1678100,1679400,1678100,1679400,665535
38160000,1679500,1680100,1679400,1679500,828977
38220000,1679400,1680600,1679400,1680300,627905
38280000,1680200,1680300,1679700,1680200,529125
38340000,1680300,1680300,1679700,1679900,522797
38400000,1680000,1680600,1679800,1680400,328696
38460000,1680300,1681100,1680300,1680700,456062
38520000,1680700,1680700,1680200,1680600,223168
38580000,1680600,1680700,1680200,1680600,328835
38640000,1680600,1680700,1680200,1680400,472487
38700000,1680400,1681200,1680200,1681000,374517
38760000,1680900,1681700,1680900,1681700,370111
38820000,1681700,1681800,1681000,1681300,328152
38880000,1681300,1681700,1681000,1681100,604219
38940000,1681200,1681300,1680200,1680500,999780
39000000,1680500,1680800,1680400,1680400,511973
39060000,1680400,1680700,1680400,1680600,223924
39120000,1680600,1681700,1680600,1681400,1056736
39180000,1681400,1681400,1680700,1681100,387105
39240000,1681200,1681200,1679200,1679700,676147
39300000,1679700,1679800,1678800,1678900,674981
39360000,1679000,1679200,1678600,1678900,478166
39420000,1679000,1679100,1678600,1679000,273977
39480000,1679000,1679800,1678900,1679600,282872
39540000,1679500,1679600,1678900,1678900,381147
39600000,1678800,1679200,1678700,1679100,211590
39660000,1679100,1679100,1677300,1678000,799595
39720000,1677900,1678300,1677300,1677500,432818
39780000,1677600,1677600,1676300,1676500,923740
39840000,1676600,1677100,1676600,1677000,353975
39900000,1677100,1677600,1676900,1677000,298032
39960000,1677000,1677500,1676600,1677200,423636
40020000,1677100,1677300,1676000,1676100,585616
40080000,1676100,1676500,1675900,1676100,377482
40140000,1676200,1677100,1676000,1676900,264935
40200000,1676900,1676900,1676500,1676900,194532
40260000,1676900,1677200,1676700,1677000,169022
40320000,1676900,1677600,1676900,1677600,146911
40380000,1677700,1677900,1677400,1677700,209362
40440000,1677700,1677800,1677100,1677800,293434
40500000,1677800,1678000,1677500,1677700,149570
40560000,1677800,1677900,1677600,1677800,254115
40620000,1677800,1678000,1677500,1677900,129538
40680000,1678000,1678500,1677900,1678400,275079
40740000,1678500,1678500,1676600,1677300,601686
40800000,1677400,1678000,1677100,1677700,193594
40860000,1677800,1678600,1677600,1678600,358338
40920000,1678600,1679000,1677900,1679000,416513
40980000,1678900,1678900,1677800,1678100,280442
41040000,1678000,1678000,1677400,1677500,313444
41100000,1677400,1679600,1677000,1678700,581423
41160000,1678800,1679200,1677100,1677500,681957
41220000,1677500,1678600,1677100,1678100,467292
41280000,1678100,1679100,1677800,1678900,542962
41340000,1679000,1679500,1678800,1679400,507809
41400000,1679500,1680100,1679100,1679300,561445
41460000,1679500,1679700,1678000,1678200,912900
41520000,1678200,1679600,1678200,1679400,511692
41580000,1679400,1681000,1679300,1681000,734663
41640000,1681000,1681700,1680400,1681700,687521
41700000,1681700,1682000,1681200,1681700,601696
41760000,1681800,1683000,1681700,1682900,938685
41820000,1682900,1683000,1682000,1682100,420388
41880000,1682200,1682800,1682100,1682800,257769
41940000,1682800,1683600,1682700,1683200,667105
42000000,1683200,1683500,1682600,1682700,242117
42060000,1682700,1683200,1682500,1682700,418027
42120000,1682700,1682800,1682200,1682300,229867
42180000,1682400,1682900,1682100,1682800,251956
42240000,1682800,1683400,1682500,1682800,330535
42300000,1682900,1683100,1682700,1682700,255319
42360000,1682700,1684000,1682700,1683800,614516
42420000,1683700,1683900,1683100,1683200,276255
42480000,1683100,1684000,1683100,1683900,268412
42540000,1683900,1684000,1682800,1683800,476392
42600000,1683800,1683900,1682900,1683100,638555
42660000,1683200,1683900,1683200,1683500,258131
42720000,1683600,1683900,1683400,1683400,226738
42780000,1683400,1683600,1683300,1683600,739574
42840000,1683600,1684500,1683600,1684400,338949
42900000,1684300,1684700,1684100,1684300,743917
42960000,1684300,1685200,1684200,1684800,342606
43020000,1684800,1684900,1683800,1683900,279280
43080000,1683900,1684100,1683400,1684100,228855
43140000,1684100,1684100,1683500,1683900,214017
43200000,1683900,1684100,1683500,1684000,206633
43260000,1684000,1684200,1683600,1684100,235504
43320000,1684100,1684300,1683700,1683800,301079
43380000,1683900,1684000,1683800,1684000,53105
43440000,1684100,1684300,1683700,1684100,256060
43500000,1684100,1684200,1683800,1683900,98802
43560000,1683900,1684200,1683800,1684100,116606
43620000,1684100,1684500,1683800,1684400,434561
43680000,1684300,1684300,1683800,1684200,381334
43740000,1684200,1684300,1683500,1683900,194542
43800000,1683800,1683900,1683500,1683600,153217
43860000,1683600,1683800,1683000,1683200,241192
43920000,1683300,1683500,1683200,1683400,143474
43980000,1683400,1683800,1683400,1683400,156141
44040000,1683300,1684100,1683300,1684000,370152
44100000,1684000,1684400,1683700,1684400,752814
44160000,1684400,1684400,1683700,1684000,613311
44220000,1684000,1684600,1684000,1684100,288535
44280000,1684100,1684300,1683900,1684000,118618
44340000,1684100,1684100,1683700,1683900,165759
44400000,1684000,1684000,1683200,1683300,306894
44460000,1683400,1683700,1683200,1683300,369313
44520000,1683300,1683500,1683100,1683300,344706
44580000,1683400,1683800,1683400,1683600,148028
44640000,1683500,1683800,1683500,1683700,58317
44700000,1683800,1684000,1683600,1684000,128242
44760000,1684000,1684100,1683600,1683800,126802
44820000,1683800,1683900,1683600,1683900,77807
44880000,1683900,1683900,1683400,1683500,82584
44940000,1683600,1683900,1683600,1683800,53576
45000000,1683800,1684000,1683800,1684000,92883
45060000,1684000,1684400,1684000,1684400,111057
45120000,1684400,1684500,1684200,1684500,203920
45180000,1684600,1684600,1684400,1684600,75550
45240000,1684500,1684800,1684500,1684500,98930
45300000,1684600,1685000,1684600,1684700,135307
45360000,1684700,1684900,1684500,1684800,205132
45420000,1684900,1685100,1684700,1684800,232257
45480000,1684800,1684900,1684300,1684600,200543
45540000,1684500,1684600,1684000,1684300,136016
45600000,1684400,1684500,1683900,1684000,107413
45660000,1684000,1684300,1683900,1684100,75638
45720000,1684100,1684200,1683800,1684100,142086
45780000,1684100,1684400,1684000,1684400,129123
45840000,1684400,1684500,1684300,1684500,42338
45900000,1684500,1684700,1684100,1684300,155688
45960000,1684300,1684600,1684300,1684500,58937
46020000,1684600,1684600,1684000,1684000,86131
46080000,1684000,1684100,1683900,1684100,97773
46140000,1684100,1684200,1683900,1684100,62964
46200000,1684100,1684200,1684000,1684100,97493
46260000,1684100,1684200,1683900,1684100,171097
46320000,1684100,1684500,1684100,1684500,79171
46380000,1684500,1684800,1684100,1684400,239756
46440000,1684400,1684600,1684300,1684400,56029
46500000,1684400,1684400,1684000,1684300,81857
46560000,1684300,1684400,1684100,1684300,110930
46620000,1684500,1684500,1683900,1684000,208746
46680000,1683900,1684000,1683700,1683900,134196
46740000,1684000,1684200,1683900,1684000,403701
46800000,1683900,1684000,1683500,1683800,207333
46860000,1683800,1684000,1683700,1683900,160746
46920000,1683900,1683900,1682900,1682900,234439
46980000,1683000,1683300,1683000,1683300,221079
47040000,1683200,1683300,1682300,1682600,324452
47100000,1682600,1683000,1682600,1682700,129868
47160000,1682700,1683000,1682700,1682800,108779
47220000,1682800,1682900,1682400,1682500,351952
47280000,1682500,1682600,1682200,1682500,226211
47340000,1682500,1683000,1682400,1683000,87917
47400000,1682900,1683000,1682800,1683000,170081
47460000,1683000,1684100,1683000,1684000,738424
47520000,1683800,1683900,1683500,1683600,503243
47580000,1683500,1683700,1683300,1683500,146827
47640000,1683500,1683600,1683200,1683600,62524
47700000,1683600,1683700,1683400,1683500,183894
47760000,1683600,1683600,1682700,1682800,95711
47820000,1682800,1683200,1682700,1682700,120108
47880000,1682800,1683300,1682800,1683000,130834
47940000,1682900,1683000,1682700,1682800,71250
48000000,1682700,1683100,1682600,1683100,181238
48060000,1683100,1683200,1683000,1683000,46372
48120000,1683100,1683100,1682400,1682700,297214
48180000,1682700,1682800,1682200,1682300,297031
48240000,1682300,1682600,1682200,1682400,183065
48300000,1682300,1682400,1682100,1682200,76013
48360000,1682100,1682500,1682100,1682400,141930
48420000,1682400,1682400,1682200,1682400,131646
48480000,1682500,1682500,1682300,1682500,127490
48540000,1682400,1682800,1682400,1682400,1278687
48600000,1682500,1682500,1682000,1682300,170874
48660000,1682200,1682300,1681900,1682100,173045
48720000,1682200,1683000,1682200,1683000,196628
48780000,1683000,1683200,1682800,1682900,415699
48840000,1682900,1683000,1682700,1682700,51927
48900000,1682700,1683200,1682700,1682900,339300
48960000,1682800,1682800,1682400,1682400,148572
49020000,1682400,1682500,1682000,1682500,195278
49080000,1682400,1682700,1682300,1682500,98623
49140000,1682500,1682800,1682500,1682600,110887
49200000,1682700,1682700,1682300,1682400,147865
49260000,1682500,1683000,1682500,1682800,215358
49320000,1682800,1683600,1682800,1682900,203254
49380000,1682900,1683000,1682900,1682900,56574
49440000,1683000,1683200,1682500,1682700,349915
49500000,1682700,1683000,1682600,1682900,83994
49560000,1682900,1683300,1682900,1682900,338521
49620000,1683000,1683200,1682900,1683200,250021
49680000,1683100,1683300,1682600,1683200,149448
49740000,1683200,1683200,1682900,1683200,127545
49800000,1683100,1683400,1682900,1682900,1774171
49860000,1683000,1683200,1682900,1683100,99797
49920000,1683200,1683200,1683000,1683000,47660
49980000,1683000,1683200,1683000,1683200,26565
50040000,1683200,1684200,1683200,1684000,392880
50100000,1684000,1684000,1683600,1683800,114462
50160000,1683800,1684100,1683800,1684000,466145
50220000,1684100,1684500,1684100,1684200,342857
50280000,1684200,1684300,1683800,1683900,94431
50340000,1684000,1684300,1684000,1684200,48651
50400000,1684200,1684300,1683800,1684300,118479
50460000,1684300,1684300,1683700,1683700,50263
50520000,1683700,1684100,1683700,1684000,85845
50580000,1684100,1684200,1683400,1683500,157234
50640000,1683500,1683500,1683000,1683100,424349
50700000,1683100,1683700,1682700,1682700,423890
50760000,1682700,1682800,1682600,1682700,134462
50820000,1682700,1682700,1681900,1682000,229840
50880000,1682000,1682500,1681900,1682400,258199
50940000,1682500,1682500,1682300,1682300,88636
51000000,1682200,1682300,1681800,1681900,268081
51060000,1681800,1681800,1681300,1681700,311399
51120000,1681700,1682500,1681600,1682100,162572
51180000,1682100,1682400,1682100,1682300,75748
51240000,1682300,1682400,1682000,1682200,46001
51300000,1682300,1682500,1681800,1681900,148053
51360000,1682000,1682300,1681900,1682200,75356
51420000,1682200,1682200,1681300,1681500,407056
51480000,1681500,1681700,1681400,1681500,156463
51540000,1681500,1681800,1681200,1681200,340424
51600000,1681200,1682100,1681200,1682000,277386
51660000,1682000,1682300,1681800,1682300,187532
51720000,1682400,1682400,1682200,1682300,180794
51780000,1682300,1682500,1682300,1682400,114170
51840000,1682500,1682500,1682300,1682400,44748
51900000,1682500,1682700,1682300,1682500,216433
51960000,1682500,1682900,1682300,1682800,642737
52020000,1682800,1682800,1682400,1682700,124770
52080000,1682700,1682700,1682300,1682400,95549
52140000,1682400,1682400,1682000,1682100,122883
52200000,1682200,1682500,1682000,1682100,190630
52260000,1682100,1682200,1681600,1681800,832787
52320000,1681800,1682000,1681600,1681900,152578
52380000,1682000,1682100,1681800,1681900,150625
52440000,1681900,1682700,1681900,1682700,169384
52500000,1682800,1683300,1682700,1683000,408993
52560000,1682900,1683100,1682700,1682900,190341
52620000,1682900,1683200,1682800,1683200,111216
52680000,1683300,1683300,1682700,1683100,135731
52740000,1683100,1683100,1682400,1682600,196245
52800000,1682600,1683100,1682600,1682900,274613
52860000,1683000,1683100,1683000,1683000,66261
52920000,1683100,1683500,1683100,1683400,146194
52980000,1683500,1683500,1683000,1683000,100135
53040000,1683000,1683300,1683000,1683300,35912
53100000,1683300,1683600,1683200,1683500,150853
53160000,1683400,1683500,1683200,1683300,102920
53220000,1683300,1683400,1683000,1683100,45862
53280000,1683000,1683000,1682600,1682900,165089
53340000,1683000,1683000,1682500,1683000,71188
53400000,1682900,1683100,1682700,1682700,115722
53460000,1682700,1683000,1682700,1682700,119248
53520000,1682800,1683200,1682500,1683000,78065
53580000,1683100,1683600,1683100,1683200,69144
53640000,1683200,1683700,1683200,1683600,117760
53700000,1683600,1683700,1683100,1683200,88602
53760000,1683300,1683300,1683000,1683200,65772
53820000,1683300,1683300,1683000,1683200,104505
53880000,1683300,1683400,1682900,1683300,71602
53940000,1683300,1683800,1683000,1683700,167418
54000000,1683700,1684100,1683700,1683700,312208
54060000,1683800,1684100,1683700,1684000,139618
54120000,1684000,1684800,1683900,1684700,221848
54180000,1684800,1687100,1684700,1686700,1508604
54240000,1686800,1687100,1686200,1686800,838035
54300000,1686800,1687600,1686500,1687500,1307540
54360000,1687500,1688400,1687400,1688000,1396931
54420000,1688100,1688700,1688000,1688200,502172
54480000,1688200,1688800,1688200,1688800,629642
54540000,1688700,1689100,1688500,1688600,646014
54600000,1688700,1688900,1688400,1688700,369055
54660000,1688800,1689700,1688700,1689500,852265
54720000,1689600,1691200,1689500,1690800,995553
54780000,1690800,1691100,1690200,1690600,819994
54840000,1690600,1692400,1690500,1691700,817574
54900000,1691700,1691900,1691100,1691100,538352
54960000,1691200,1691300,1690600,1690700,1176298
55020000,1690700,1691000,1690600,1691000,330135
55080000,1690800,1690800,1689800,1690100,859195
55140000,1690100,1690500,1689800,1690400,1029499
55200000,1690400,1690800,1690300,1690500,276110
55260000,1690500,1690600,1689900,1690200,290558
55320000,1690100,1690300,1689600,1689600,522189
55380000,1689600,1690600,1689300,1690300,625034
55440000,1690400,1690700,1690100,1690700,340009
55500000,1690600,1690700,1690100,1690700,246242
55560000,1690600,1691400,1690100,1690100,559330
55620000,1690200,1690700,1690200,1690700,419978
55680000,1690700,1690900,1690200,1690800,394241
55740000,1690800,1691000,1690300,1690500,282534
55800000,1690500,1690800,1690100,1690200,1236329
55860000,1690100,1690400,1689700,1690300,503708
55920000,1690400,1690600,1689500,1689600,966295
55980000,1689600,1689700,1689300,1689600,1141596
56040000,1689600,1689800,1689100,1689300,1133715
56100000,1689200,1689700,1689100,1689400,1394134
56160000,1689400,1689500,1689100,1689200,427076
56220000,1689200,1689400,1689000,1689100,616752
56280000,1689100,1689600,1688800,1689200,562657
56340000,1689200,1689500,1689200,1689400,529560
56400000,1689400,1689700,1689000,1689200,708397
56460000,1689100,1690000,1689100,1689700,460744
56520000,1689700,1689900,1689600,1689900,598357
56580000,1689900,1690200,1689000,1689300,1267566
56640000,1689400,1689500,1689200,1689400,385410
56700000,1689300,1690500,1689300,1690500,1248161
56760000,1690400,1690400,1689100,1689500,1127875
56820000,1689500,1689500,1688700,1688700,746800
56880000,1688800,1688900,1688300,1688300,350698
56940000,1688300,1688900,1688200,1688800,655749
57000000,1688800,1689400,1688800,1689000,554222
57060000,1689000,1689700,1688900,1689400,916543
57120000,1689400,1689600,1688900,1689000,578095
57180000,1689000,1689400,1689000,1689400,336676
57240000,1689400,1689500,1689300,1689500,714997
57300000,1689500,1689500,1689000,1689100,930770
57360000,1689100,1689400,1688900,1689200,945082
57420000,1689200,1689700,1689100,1689700,2143008
57480000,1689700,1690900,1689700,1690900,2317795
57540000,1690900,1691900,1690900,1691700,4269661
57600000,1691800,1691900,1690500,1690700,996108
57660000,1690600,1690900,1690200,1690400,447719
57720000,1690400,1690700,1690300,1690600,396340
57780000,1690600,1690800,1690400,1690700,285145
57840000,1690600,1691000,1690500,1691000,694955
57900000,1691000,1691600,1690700,1691500,161620
57960000,1691600,1691800,1691100,1691200,202064
58020000,1691200,1691400,1691100,1691400,153285
58080000,1691400,1691500,1691200,1691400,144600
58140000,1691400,1691600,1691300,1691300,119032
58200000,1691300,1691300,1690700,1690800,533736
58260000,1690800,1690800,1690500,1690500,95513
58320000,1690400,1690500,1689500,1689700,154810
58380000,1689800,1689900,1688700,1689400,358594
58440000,1689400,1690200,1689300,1690200,136063
58500000,1690200,1690200,1689900,1689900,672222
58560000,1689900,1690000,1689600,1689800,880661
58620000,1689800,1689800,1689600,1689700,18327
58680000,1689700,1689700,1689600,1689700,270354
58740000,1689600,1689700,1689600,1689700,4233
58800000,1689700,1690000,1689600,1689800,148476
58860000,1689700,1689900,1689700,1689900,1006885
58920000,1689900,1690000,1689900,1690000,6300
58980000,1690000,1690000,1690000,1690000,1535047
59040000,1689900,1690000,1689800,1689900,5960
59100000,1689900,1690000,1689800,1690000,3017433
59160000,1690000,1690000,1689700,1689800,44205
59220000,1689800,1689800,1689700,1689800,43810
59280000,1689800,1689800,1689700,1689700,6250
59340000,1689800,1689900,1689800,1689800,36950
59400000,1689800,1689800,1689400,1689400,79120
59460000,1689400,1689400,1688400,1688500,29305
59520000,1688500,1688900,1688400,1688700,3041634
59580000,1688400,1688400,1687700,1687700,1136149
59640000,1687800,1688000,1687700,1688000,2003700
59700000,1688000,1688100,1688000,1688100,18900
59760000,1688300,1688500,1688300,1688500,517400
59820000,1688200,1688200,1687900,1687900,105000
59880000,1687900,1688000,1687600,1688000,28275
59940000,1688000,1688000,1687900,1688000,21000
60000000,1688000,1688200,1688000,1688200,163353
60060000,1688500,1688500,1688400,1688400,3100
60120000,1688300,1688700,1688200,1688700,39975
60180000,1688800,1688900,1688800,1688900,10300
60240000,1688700,1688700,1688700,1688700,6300
60300000,1688700,1688700,1688700,1688700,1800
60360000,1688600,1688700,1688600,1688600,1400
60420000,1688600,1688700,1688600,1688600,2800
60480000,1688400,1688400,1688200,1688200,503698
60540000,1688400,1688400,1687600,1688000,36150
60600000,1687900,1687900,1687400,1687400,39846
60720000,1687700,1688000,1687400,1687500,85397
60780000,1687400,1687800,1686900,1687800,84709
60840000,1687700,1687900,1687700,1687900,2700
60900000,1687800,1688000,1687400,1688000,4100
60960000,1687800,1687800,1687800,1687800,465
61020000,1687800,1687800,1687600,1687600,3950
61080000,1687500,1687800,1687500,1687800,4000
61140000,1687800,1687800,1687800,1687800,2500
61200000,1687800,1687800,1687700,1687700,2300
61260000,1687600,1687700,1687500,1687500,27775
61320000,1687400,1687400,1687100,1687400,16025
61380000,1687400,1687600,1687400,1687500,2037408
61440000,1687300,1687300,1687300,1687300,251104
61500000,1687200,1687300,1686700,1687000,14900
61560000,1687000,1687400,1686900,1687400,5700
61620000,1687400,1687500,1687400,1687500,15638
61680000,1687700,1687800,1687600,1687800,2100
61740000,1687800,1687800,1687800,1687800,100
61800000,1687700,1687700,1687700,1687700,400
61860000,1687700,1688000,1687500,1687600,51100
61920000,1687500,1687500,1687200,1687200,400
61980000,1687500,1687900,1687500,1687900,2510
62040000,1687900,1688000,1687900,1687900,1200
62100000,1687900,1688000,1687800,1688000,4250
62160000,1687600,1687600,1687600,1687600,100
62280000,1688000,1688000,1688000,1688000,2000
62340000,1688300,1688500,1688000,1688100,9820
62400000,1687700,1687700,1687600,1687600,925
62460000,1687600,1687800,1687500,1687800,5810
62640000,1687700,1687700,1687700,1687700,150400
62700000,1687600,1687600,1687600,1687600,450
62760000,1687800,1687800,1687800,1687800,1100
62820000,1687800,1687800,1687700,1687700,9000
62880000,1688000,1688000,1688000,1688000,300
62940000,1688300,1688300,1688200,1688200,200
63000000,1688100,1688100,1688100,1688100,1000
63060000,1688000,1688000,1687700,1687700,1730
63120000,1688000,1688000,1688000,1688000,1200
63300000,1688000,1688000,1688000,1688000,235
63360000,1687900,1687900,1687900,1687900,12190
63480000,1688200,1688200,1688200,1688200,100
63540000,1687900,1687900,1687900,1687900,1002993
63600000,1687900,1687900,1687900,1687900,501260
63660000,1687900,1687900,1687900,1687900,200
63720000,1687900,1687900,1687900,1687900,300
63840000,1687900,1687900,1687800,1687900,3059
63960000,1687800,1687900,1687800,1687900,5291
64020000,1687900,1688000,1687900,1688000,2521
64080000,1687900,1687900,1687900,1687900,3200
64140000,1688000,1688000,1688000,1688000,150
64200000,1687700,1687700,1687700,1687700,300
64320000,1687700,1688000,1687700,1688000,655
64380000,1687700,1687700,1687600,1687600,975
64440000,1687600,1687700,1687300,1687700,10260
64500000,1687700,1687900,1687700,1687900,2900
64560000,1687400,1687900,1687400,1687900,1377
64620000,1688000,1688000,1688000,1688000,1477
64800000,1688000,1688600,1688000,1688600,5650
64860000,1688500,1688500,1688500,1688500,1500
64920000,1688500,1688500,1686400,1686500,46450
64980000,1687000,1687300,1686400,1686500,4000
65040000,1686900,1687000,1686300,1686300,9000
65100000,1686400,1686900,1685800,1686900,17200
65160000,1686900,1686900,1686700,1686700,1407
65220000,1686200,1686600,1686200,1686600,1400
65280000,1686400,1686500,1685700,1685700,11800
65340000,1686200,1686400,1685900,1685900,1700
65400000,1686300,1686300,1686200,1686300,1700
65460000,1686200,1686300,1685100,1685500,133034
65520000,1685600,1685700,1685200,1685500,35200
65580000,1685700,1685700,1684000,1684000,46650
65640000,1684000,1684000,1681900,1682800,109040
65700000,1683000,1683900,1680800,1681000,101410
65760000,1681200,1682000,1680700,1681000,38697
65820000,1680700,1680800,1679300,1679700,53894
65880000,1679600,1682100,1678600,1681800,187494
65940000,1681300,1682400,1681200,1682200,135520
66000000,1682000,1683200,1681400,1682000,82301
66060000,1682300,1682500,1681600,1681600,13571
66120000,1681800,1683100,1681800,1682500,37830
66180000,1682600,1682600,1681600,1682100,51150
66240000,1682700,1683700,1682700,1683600,34000
66300000,1683500,1683500,1682300,1682300,20000
66360000,1682300,1682300,1681400,1682100,32598
66420000,1682100,1682300,1681800,1682000,10400
66480000,1682400,1682400,1681800,1682000,38610
66540000,1682400,1682400,1681700,1682200,45400
66600000,1682100,1682400,1682000,1682300,11300
66660000,1682900,1683000,1682500,1682500,13800
66720000,1682400,1682700,1682200,1682700,46690
66780000,1682400,1683500,1682400,1683500,21950
66840000,1683800,1686900,1683800,1686500,74201
66900000,1686100,1687400,1685400,1686600,31520
66960000,1686000,1687000,1685600,1686700,18248
67020000,1686300,1686300,1684800,1684800,7065
67080000,1685000,1685200,1684900,1685200,8400
67140000,1685300,1685600,1685300,1685600,1621
67200000,1685300,1685500,1685300,1685500,5400
67260000,1686200,1687000,1686000,1686600,24455
67320000,1686300,1687200,1686300,1686600,2800
67380000,1686600,1686600,1685900,1685900,300
67440000,1686000,1686000,1685600,1685600,500
67500000,1685800,1685900,1685700,1685900,720
67560000,1686000,1686000,1686000,1686000,1000
67620000,1685900,1686200,1685900,1686200,350
67680000,1685900,1687000,1685900,1686500,19638
67800000,1685900,1686200,1685900,1685900,4777
67860000,1685900,1685900,1685900,1685900,500
67920000,1685600,1685700,1685600,1685700,2450
67980000,1685600,1685600,1685500,1685500,6900
68040000,1685400,1685600,1685400,1685500,8200
68100000,1685700,1687000,1685700,1686500,6501
68160000,1686000,1686000,1684000,1684000,17200
68220000,1684600,1685100,1684500,1684500,6090
68280000,1685000,1685000,1685000,1685000,1950
68340000,1685100,1686000,1685000,1686000,4857
68400000,1686100,1686100,1685500,1685500,400
68520000,1685500,1685500,1685400,1685400,400
68580000,1685400,1685700,1685400,1685400,1120
68640000,1685800,1686200,1685700,1686200,37700
68700000,1686200,1686900,1686200,1686900,5400
68760000,1686600,1686600,1686400,1686500,2700
68820000,1686900,1686900,1686800,1686800,29952
68880000,1687000,1687300,1686800,1687300,7700
68940000,1687000,1687200,1686900,1687200,2850
69000000,1686900,1687200,1686900,1687200,12700
69060000,1687200,1687500,1687200,1687400,4100
69120000,1687500,1687500,1687300,1687300,1600
69180000,1687300,1687500,1687300,1687500,14900
69240000,1687300,1687300,1687200,1687200,18600
69300000,1687200,1687500,1687200,1687500,9500
69360000,1687500,1687500,1687500,1687500,11932
69420000,1687300,1687400,1687300,1687300,15200
69480000,1687100,1687300,1687100,1687300,400
69540000,1687400,1687400,1687100,1687100,3800
69600000,1687200,1687200,1687200,1687200,250
69660000,1687200,1687200,1687200,1687200,2100
69720000,1687300,1687300,1687300,1687300,1000
69780000,1687600,1687600,1687600,1687600,500
69840000,1687700,1687700,1687600,1687600,7300
69900000,1687800,1688000,1687800,1688000,6870
69960000,1687600,1687600,1687600,1687600,100
70080000,1687800,1687800,1687700,1687700,4900
70140000,1687700,1687800,1687700,1687800,2150
70200000,1687700,1687700,1687500,1687500,6900
70260000,1687500,1687700,1687500,1687700,3000
70320000,1687600,1687900,1687600,1687900,2800
70380000,1687900,1688000,1687900,1688000,2902
70440000,1687600,1687600,1687600,1687600,450
70500000,1688000,1688800,1688000,1688800,4700
70560000,1689000,1689000,1688100,1688300,1800
70620000,1688100,1688100,1688100,1688100,4080
70740000,1688100,1688100,1688100,1688100,500
70800000,1688100,1688100,1688100,1688100,1000
70860000,1688100,1688100,1688100,1688100,150
70920000,1687900,1688100,1687900,1688100,600
70980000,1688200,1688400,1688200,1688200,700
71040000,1688000,1688000,1688000,1688000,1100
71100000,1687800,1687800,1687600,1687600,800
71160000,1687600,1687600,1687500,1687500,400
71220000,1687500,1687500,1687000,1687000,6990
71280000,1686900,1686900,1686300,1686300,13400
71340000,1686200,1686400,1686000,1686400,5648
71400000,1686300,1686400,1686300,1686300,800
71460000,1686400,1686900,1686400,1686700,1100
71520000,1686500,1686500,1686500,1686500,100
71580000,1687000,1687000,1687000,1687000,5000
71700000,1687000,1687000,1687000,1687000,200
71760000,1686900,1686900,1686900,1686900,2335
71820000,1686500,1686500,1686400,1686400,697
71880000,1687000,1687000,1687000,1687000,100
71940000,1687000,1687500,1687000,1687500,1200